-- phpMyAdmin SQL Dump
-- version 5.2.1deb3
-- https://www.phpmyadmin.net/
--
-- Host: localhost:3306
-- Generation Time: Apr 03, 2025 at 08:42 PM
-- Server version: 10.11.8-MariaDB-0ubuntu0.24.04.1
-- PHP Version: 8.3.6

SET SQL_MODE = "NO_AUTO_VALUE_ON_ZERO";
START TRANSACTION;
SET time_zone = "+00:00";


/*!40101 SET @OLD_CHARACTER_SET_CLIENT=@@CHARACTER_SET_CLIENT */;
/*!40101 SET @OLD_CHARACTER_SET_RESULTS=@@CHARACTER_SET_RESULTS */;
/*!40101 SET @OLD_COLLATION_CONNECTION=@@COLLATION_CONNECTION */;
/*!40101 SET NAMES utf8mb4 */;

--
-- Database: `iit`
--

-- --------------------------------------------------------

--
-- Table structure for table `actors`
--

CREATE TABLE `actors` (
  `actorid` int(10) UNSIGNED NOT NULL,
  `last_name` varchar(100) NOT NULL,
  `first_names` varchar(100) NOT NULL,
  `dob` date NOT NULL
) ENGINE=InnoDB DEFAULT CHARSET=utf8mb4 COLLATE=utf8mb4_general_ci;

--
-- Dumping data for table `actors`
--

INSERT INTO `actors` (`actorid`, `last_name`, `first_names`, `dob`) VALUES
(1, 'Pugh', 'Florence', '1996-01-03'),
(2, 'Kendrick', 'Anna', '1985-08-09'),
(3, 'McKellen', 'Ian', '1939-05-25'),
(4, 'Mortensen', 'Viggo', '1958-10-20'),
(5, 'Goodman', 'John', '1952-06-20'),
(8, 'Rush', 'Geoffrey', '1951-07-06');

-- --------------------------------------------------------

--
-- Table structure for table `movies`
--

CREATE TABLE `movies` (
  `movieid` int(10) UNSIGNED NOT NULL,
  `title` varchar(100) NOT NULL,
  `year` char(4) DEFAULT NULL
) ENGINE=InnoDB DEFAULT CHARSET=utf8mb4 COLLATE=utf8mb4_general_ci;

--
-- Dumping data for table `movies`
--

INSERT INTO `movies` (`movieid`, `title`, `year`) VALUES
(1, 'Elizabeth', '1998'),
(2, 'Black Widow', '2021'),
(3, 'Oh Brother Where Art Thou?', '2000'),
(4, 'The Lord of the Rings: The Fellowship of the Ring', '2001'),
(5, 'Up in the Air', '2009');

-- --------------------------------------------------------

--
-- Table structure for table `movie_actors`
--

CREATE TABLE `movie_actors` (
  `movieid` int(10) UNSIGNED NOT NULL,
  `actorid` int(10) UNSIGNED NOT NULL
) ENGINE=InnoDB DEFAULT CHARSET=utf8mb4 COLLATE=utf8mb4_general_ci;

--
-- Dumping data for table `movie_actors`
--

INSERT INTO `movie_actors` (`movieid`, `actorid`) VALUES
(2, 1),
(5, 2),
(4, 3),
(4, 4),
(3, 5),
(1, 6);

--
-- Indexes for dumped tables
--

--
-- Indexes for table `actors`
--
ALTER TABLE `actors`
  ADD PRIMARY KEY (`actorid`);

--
-- Indexes for table `movies`
--
ALTER TABLE `movies`
  ADD PRIMARY KEY (`movieid`);

--
-- Indexes for table `movie_actors`
--
ALTER TABLE `movie_actors`
  ADD PRIMARY KEY (`actorid`,`movieid`);

--
-- AUTO_INCREMENT for dumped tables
--

--
-- AUTO_INCREMENT for table `actors`
--
ALTER TABLE `actors`
  MODIFY `actorid` int(10) UNSIGNED NOT NULL AUTO_INCREMENT, AUTO_INCREMENT=9;

--
-- AUTO_INCREMENT for table `movies`
--
ALTER TABLE `movies`
  MODIFY `movieid` int(10) UNSIGNED NOT NULL AUTO_INCREMENT, AUTO_INCREMENT=8;
COMMIT;

/*!40101 SET CHARACTER_SET_CLIENT=@OLD_CHARACTER_SET_CLIENT */;
/*!40101 SET CHARACTER_SET_RESULTS=@OLD_CHARACTER_SET_RESULTS */;
/*!40101 SET COLLATION_CONNECTION=@OLD_COLLATION_CONNECTION */;
